IsAlive,Miliseconds,AverageTime,CountryName,Latitude,Longitude,Host,Port,Type,ProxyLevel
True,19167,19521,Colombia,4.751850128173828,-74.10014343261719,181.118.156.3,999,Https,Transparent
True,5054,4920,South Korea,37.6531,127.0725,125.177.124.73,80,Https,Failed
True,11596,11370,Argentina,-34.6137,-58.3886,181.119.158.1,3128,Https,Failed
True,14437,15639,India,22.719600677490234,75.85769653320312,103.84.71.173,82,Https,Transparent
True,19558,19734,Argentina,-28.814199447631836,-62.843040466308594,168.196.114.8,50001,Https,Transparent
True,18795,18784,Pakistan,33.61888885498047,73.05693817138672,202.142.174.10,8080,Https,Transparent
True,16266,16453,Nigeria,10,8,102.91.6.10,8080,Https,Transparent
True,11310,11156,Argentina,-34.6333,-58.5333,181.119.69.153,3128,Https,Failed
True,15482,15355,Argentina,-34.6333,-58.5333,181.119.69.137,3128,Https,Failed
True,23779,23779,Indonesia,-0.482816,117.132,103.130.4.82,8080,Https,Transparent
True,14995,14802,Argentina,-34.6831,-58.5519,181.119.74.1,3128,Https,Failed
True,15102,14958,Argentina,-34.59,-58.3807,181.119.77.1,3128,Https,Failed
True,17459,17311,Georgia,41.6168,41.6367,185.128.104.81,8080,Https,Failed
True,23947,18933,Turkey,39.95471954345703,32.84693908691406,213.14.32.68,9090,Https,Transparent
True,47416,47688,Australia,-33.8591,151.2002,13.239.32.239,80,Https,Elite
True,2415,12885,Turkey,40.91669845581055,29.200000762939453,176.236.98.37,8080,Https,NotValidated
True,34282,34315,South Korea,37.34339904785156,127.12069702148438,183.99.59.168,80,Https,Elite
True,17994,17739,Georgia,41.633331298828125,41.633331298828125,185.128.104.1,8080,Https,Failed
True,20763,20921,United States,37.539791107177734,-122.32969665527344,47.90.132.228,80,Https,Transparent
True,17887,10799,Brazil,-20.648780822753906,-41.910160064697266,187.94.211.15,8080,Https,NotValidated
True,34161,34192,Argentina,-34.611778259277344,-58.41730880737305,186.0.231.140,999,Https,Transparent
True,14883,14801,Argentina,-34.611778259277344,-58.41730880737305,181.119.75.1,3128,Https,Failed
True,5405,5311,Brazil,-22.869359970092773,-42.35321044921875,200.216.182.118,8080,Https,Failed
True,2022,2023,Brazil,-22.869359970092773,-42.35321044921875,200.141.248.186,8080,Https,Failed
True,23927,23903,India,23.022499084472656,72.57140350341797,43.224.10.19,6666,Https,Elite
True,11804,11811,Indonesia,-6.1741,106.8296,117.54.11.83,3128,Https,Anonymous
True,279,1180,France,48.90850067138672,2.363800048828125,165.225.77.44,9480,Https,NotValidated
True,19246,19276,Russia,54.5743,53.5513,31.40.135.67,31113,Https,Elite
True,1985,3262,Colombia,4.599999904632568,-74.08332824707031,181.78.21.146,999,Https,NotValidated
True,25682,24097,India,28.635299682617188,77.2249984741211,103.106.29.70,84,Https,Transparent
True,9001,9027,Poland,50.90399932861328,16.167999267578125,193.106.192.6,8080,Https,Failed
True,19687,19792,Turkey,36.7994384765625,34.62916946411133,80.93.213.213,3136,Https,Anonymous
True,5978,24353,United States,39.043701171875,-77.47419738769531,3.239.55.227,80,Https,NotValidated
True,14747,13489,Brazil,-18.05554962158203,-39.549659729003906,189.201.236.117,3128,Https,Transparent
True,61588,61588,United States,41.23295974731445,-95.87735748291016,34.70.168.180,80,Https,Elite
True,17506,18117,Colombia,4.599999904632568,-74.08332824707031,181.78.12.147,999,Https,Transparent
True,18185,18180,Georgia,41.6168,41.6367,185.128.104.65,8080,Https,Failed
True,21781,21781,Turkey,40.91669845581055,29.200000762939453,176.236.160.132,8080,Https,Transparent
True,14752,14338,India,12.9634,77.5855,103.148.39.38,82,Https,Transparent
True,21463,23299,Colombia,4.449999809265137,-75.23332977294922,190.70.72.175,3128,Https,Transparent
True,21984,21106,Indonesia,5.1880998611450195,97.14029693603516,103.150.61.197,80,Https,Transparent
True,10342,15787,Brazil,-12.941800117492676,-38.371421813964844,177.21.30.159,9999,Https,NotValidated
True,8956,11326,Indonesia,-6.122200012207031,106.76470184326172,122.144.3.235,63123,Https,Transparent
True,21580,21800,Croatia,45.83258056640625,15.975110054016113,194.152.235.171,8080,Https,Transparent
True,17668,19205,Peru,-12.050000190734863,-77.05000305175781,209.45.60.82,999,Https,Transparent
True,21056,21307,Indonesia,-6.1741,106.8296,103.119.228.126,8080,Https,Transparent
True,15605,15605,Indonesia,-7.2652997970581055,112.74250030517578,51.79.192.240,443,Https,Transparent
True,1031,1031,Singapore,1.295240044593811,103.78974914550781,45.77.33.246,8080,Https,NotValidated
True,27092,26965,Indonesia,-6.173799991607666,106.82669830322266,119.110.65.234,3888,Https,Transparent
True,19298,19274,Russia,57.15494918823242,65.51564025878906,178.72.74.40,31372,Https,Elite
True,19499,19505,South Africa,-26.2309,28.0583,105.208.44.183,53480,Https,Elite
True,18941,19050,Venezuela,10.5048,-66.9208,138.122.6.103,999,Https,Transparent
True,5403,16384,Indonesia,4.4687,97.9654,125.162.10.63,3128,Https,NotValidated
True,21623,21901,Singapore,1.3200000524520874,103.8198013305664,178.128.125.16,42670,Https,Elite
True,1802,10661,Indonesia,-6.173799991607666,106.82669830322266,36.65.56.66,8080,Https,NotValidated
True,44916,46502,Brazil,-25.434879302978516,-49.27511978149414,177.220.188.215,3128,Https,Transparent
True,15979,15912,Thailand,13.756329536437988,100.50177001953125,27.131.179.206,10443,Https,Transparent
True,14193,14324,Germany,50.1188,8.6843,167.71.41.173,41729,Https,Elite
True,13041,12934,United States,39.892608642578125,-105.14920043945312,167.172.191.249,43739,Https,Elite
True,27619,27601,Indonesia,-7.8035,110.3646,110.76.148.242,8080,Https,Transparent
True,23893,23198,Colombia,4.599999904632568,-74.08332824707031,190.2.212.36,8080,Https,Transparent
True,26067,26067,Colombia,4.6351,-74.0703,67.73.187.42,999,Https,Transparent
True,21794,20999,Brazil,-5.111979961395264,-35.96736145019531,138.118.248.19,8080,Https,Transparent
True,6325,6099,South Africa,-34.07569885253906,18.843299865722656,160.19.232.85,3128,Https,Elite
True,18587,18489,Georgia,41.6168,41.6367,185.128.104.145,8080,Https,Failed
True,23629,23906,Germany,50.1188,8.6843,167.71.41.173,33129,Https,Elite
True,19871,19880,Nepal,27.7,83.45,124.41.211.211,43979,Https,Elite
True,10344,15579,Mexico,31.45199966430664,-106.56754302978516,201.127.68.158,999,Https,Transparent
True,10884,10884,Germany,50.11090087890625,8.682100296020508,157.230.103.189,35757,Https,NotValidated
True,29055,28946,India,17.49799919128418,78.45600128173828,103.236.193.241,84,Https,Transparent
True,12593,12820,Indonesia,-6.173799991607666,106.82669830322266,118.99.103.210,80,Https,Transparent
True,10445,19733,Brazil,-25.434879302978516,-49.27511978149414,187.95.113.224,3128,Https,NotValidated
True,269,885,France,48.8323,2.4075,165.225.77.44,9400,Https,NotValidated
True,24357,24031,United States,37.330528259277344,-121.83822631835938,13.52.185.233,49205,Https,Elite
True,29223,29223,Guatemala,14.63290023803711,-89.98860168457031,45.233.64.113,999,Https,Transparent
True,33625,33678,Argentina,-34.4152,-58.6868,181.209.105.154,8080,Https,Transparent
True,14622,14536,Ecuador,-2.73969,-78.8486,45.70.237.59,999,Https,Transparent
True,15628,15630,Argentina,-34.8496,-58.6571,138.219.251.8,3128,Https,Failed
True,27860,27860,Colombia,4.69088,-74.0367,191.102.70.198,8088,Https,Transparent
True,1484,14089,Argentina,-32.9543,-60.6621,170.238.10.65,999,Https,NotValidated
True,25054,25269,United States,38.73078155517578,-78.17196655273438,13.68.159.248,3128,Https,Transparent
True,18961,17541,Colombia,4.599999904632568,-74.08332824707031,45.7.132.193,999,Https,Transparent
True,20070,19945,Chile,-33.46500015258789,-70.65599822998047,186.103.203.206,999,Https,Transparent
True,17376,17340,Colombia,1.6774,-75.2809,191.97.7.99,999,Https,Transparent
True,34920,34920,Puerto Rico,18.46664047241211,-66.75630187988281,172.93.3.22,999,Https,Transparent
True,21040,21040,Japan,43.06869125366211,141.3572235107422,133.242.171.228,3128,Https,Elite
True,19757,19757,Vietnam,21.0313,105.8516,118.70.12.171,53281,Https,Elite
True,1240,10370,Colombia,4.599999904632568,-74.08332824707031,186.148.171.68,999,Https,NotValidated
True,869,914,Russia,56.129878997802734,40.420711517333984,84.53.243.83,3128,Https,Elite
True,6632,6675,Indonesia,-6.173799991607666,106.82669830322266,36.67.136.21,8080,Https,Transparent
True,6887,6717,Thailand,17.4108,104.779,110.77.207.2,8080,Https,Transparent
True,15710,15681,Indonesia,-6.20876,106.846,103.28.149.110,3128,Https,Failed
True,23688,23688,Indonesia,-6.9218,110.536,103.78.73.90,3128,Https,Elite
True,25086,25086,Thailand,13.1604,101.1083,113.53.82.92,39726,Https,Elite
True,1336,1364,France,48.5748,7.75351,51.178.49.77,3132,Https,Elite
True,2974,13702,Indonesia,-6.585999965667725,106.82749938964844,36.79.121.14,8080,Https,NotValidated
True,19968,7896,United States,39.043701171875,-77.47419738769531,34.204.225.113,3128,Https,NotValidated
True,19028,19092,United States,26.2729,-80.26,69.65.65.178,58389,Https,Elite
True,17811,19651,Indonesia,-6.3917999267578125,106.80599975585938,103.227.254.118,1990,Https,Anonymous
True,900,1551,Singapore,1.3200000524520874,103.8198013305664,188.166.179.102,8080,Https,NotValidated
True,22947,22947,India,17.4254,78.5075,103.22.172.42,59458,Https,Elite
True,359,1116,France,48.90850067138672,2.363800048828125,165.225.77.42,9443,Https,Elite
True,13988,15384,Chile,-33.46500015258789,-70.65599822998047,201.236.128.226,8080,Https,Transparent
True,25826,25826,Indonesia,-6.18104,106.826,36.95.24.49,8080,Https,Transparent
True,20097,20097,South Africa,-29.857900619506836,31.027599334716797,41.162.186.2,48017,Https,Elite
True,28547,28574,India,22.57270050048828,88.3458023071289,103.137.218.1,84,Https,Transparent
True,620,2268,Armenia,40.1772,44.526,37.252.79.232,8080,Https,NotValidated
True,19586,19586,Uganda,0.31700000166893005,32.58300018310547,154.72.199.202,41201,Https,Elite
True,8919,9301,Poland,52.2297,21.0122,194.181.141.1,8080,Https,Failed
True,20925,20919,Nigeria,6.4351301193237305,3.416059970855713,212.100.65.12,3129,Https,Transparent
True,24856,25920,Singapore,1.29517,103.79,45.32.104.123,8888,Https,Transparent
True,12470,10978,Indonesia,-6.15880012512207,106.89450073242188,103.234.255.194,63123,Https,Transparent
True,15401,15854,Brazil,-23.51129913330078,-46.87677001953125,187.8.78.34,8080,Https,Transparent
True,31323,29704,Brazil,-27.610809326171875,-51.02473068237305,177.128.216.6,3128,Https,Transparent
True,21097,20699,Germany,50.11090087890625,8.682100296020508,157.230.103.189,44227,Https,Elite
True,31599,31599,Colombia,6.235899925231934,-75.57510375976562,190.90.24.3,999,Https,Transparent
True,73500,73035,United States,40.0992,-83.1141,18.222.83.186,8080,Https,Elite
True,19039,18955,Malaysia,3.1389999389648438,101.68689727783203,1.32.44.52,8080,Https,Transparent
True,19803,20084,Germany,49.11594009399414,10.753399848937988,188.34.137.126,3128,Https,Transparent
True,13015,13009,Bolivia,-16.5002,-68.1493,181.188.175.190,3128,Https,Transparent
True,30255,31211,Russia,53.565189361572266,49.3082389831543,88.200.155.203,3128,Https,Transparent
True,20788,20788,Russia,44.754249572753906,39.88544845581055,83.69.93.64,44331,Https,Elite
True,16273,10957,Indonesia,-7.628680229187012,111.52055358886719,103.142.254.135,8080,Https,Transparent
True,20869,17296,Indonesia,-7.650000095367432,111.33000183105469,125.164.24.203,8080,Https,Transparent
True,2061,19985,Georgia,41.6168,41.6367,185.128.104.141,8080,Https,NotValidated
True,25182,25185,Germany,50.1188,8.6843,161.35.214.98,3128,Https,Elite
True,4093,4093,Brazil,-25.548419952392578,-54.58253860473633,45.176.244.247,999,Https,NotValidated
True,15368,22650,United States,30.267200469970703,-97.7423095703125,143.198.77.76,8080,Https,NotValidated
True,25535,25535,Argentina,-33.08332824707031,-68.46666717529297,190.211.81.212,3128,Https,Failed
True,268,268,France,50.6927,3.17785,178.33.148.10,3128,Https,Failed
True,17411,17330,Russia,51.84083938598633,107.60809326171875,45.150.188.19,8080,Https,Transparent
True,12273,13523,Germany,50.11090087890625,8.682100296020508,165.227.173.87,39497,Https,Elite
True,20426,20796,United States,37.1038,-113.5764,104.192.202.11,8080,Https,Transparent
True,15840,15676,Pakistan,24.882999420166016,67.05799865722656,42.201.134.22,3128,Https,Transparent
True,3187,3915,France,48.88140106201172,2.3364999294281006,212.83.134.48,80,Https,Failed
True,20469,14096,Nepal,28,84,103.153.232.1,8080,Https,Transparent
True,15597,25641,Germany,50.1188,8.6843,165.227.170.233,8888,Https,NotValidated
True,17234,17954,Russia,53.061561584472656,158.6224822998047,78.157.239.10,8080,Https,NotValidated
True,22946,22742,India,18.014089584350586,81.05200958251953,43.249.216.66,8080,Https,Transparent
True,28954,28817,Indonesia,-6.173799991607666,106.82669830322266,202.169.51.44,8080,Https,Transparent
True,32200,32060,United States,40.7057991027832,-74.01860046386719,167.71.41.173,43334,Https,Elite
True,23424,23500,Thailand,13.756329536437988,100.50177001953125,118.175.207.84,8080,Https,Transparent
True,1335,7812,Thailand,13.756329536437988,100.50177001953125,124.121.95.112,8080,Https,NotValidated
True,16061,16146,Brazil,-11.7622,-55.4446,177.155.215.89,8080,Https,Transparent
True,17752,17824,Thailand,13.855560302734375,100.508056640625,183.89.71.181,8080,Https,Transparent
True,21728,21636,Ukraine,48.2932,25.9448,178.215.190.240,49465,Https,Elite
True,22993,23147,Colombia,4.599999904632568,-74.08332824707031,181.78.12.151,999,Https,Transparent
True,1263,12558,Thailand,13.7692,100.6865,124.121.124.221,8080,Https,NotValidated
True,16238,16257,Argentina,-34.8496,-58.6571,138.219.249.6,3128,Https,Failed
True,305,730,France,48.90850067138672,2.363800048828125,165.225.77.44,8800,Https,NotValidated
True,14381,14375,United States,40.7057991027832,-74.01860046386719,167.71.41.173,43754,Https,Elite
True,13181,12963,United States,39.892608642578125,-105.14920043945312,167.172.180.46,34286,Https,Elite
True,17892,16038,Thailand,13.9332,100.7502,183.89.148.155,8213,Https,NotValidated
True,21434,21405,India,28.635299682617188,77.2249984741211,103.245.48.18,8080,Https,Transparent
True,8649,8481,Indonesia,-6.150000095367432,106.7300033569336,116.0.2.73,8080,Https,Failed
True,2258,16779,Colombia,4.599999904632568,-74.08332824707031,181.78.8.134,999,Https,NotValidated
True,17536,17583,Germany,50.11090087890625,8.682100296020508,130.61.51.81,3128,Https,Transparent
True,14730,18115,Mexico,20.5683,-103.358,189.201.185.36,999,Https,Transparent
True,13496,15384,Cambodia,11.5563,104.9282,58.97.212.58,8080,Https,Transparent
True,23008,22834,Brazil,-25.434879302978516,-49.27511978149414,187.95.113.253,3128,Https,Transparent
True,245,722,France,48.90850067138672,2.363800048828125,165.225.77.44,443,Https,NotValidated
True,11815,11716,India,22.7652,74.5894,103.19.128.129,84,Https,Transparent
True,1233,15251,Thailand,13.855560302734375,100.508056640625,171.6.11.172,8080,Https,NotValidated
True,912,2647,Malaysia,2.925100088119507,101.65740203857422,43.225.109.51,3128,Https,NotValidated
True,12808,4882,United Kingdom,51.57699966430664,-2.565999984741211,193.32.209.98,3128,Https,NotValidated
True,37282,32624,United States,39.99557876586914,-82.99945831298828,18.218.68.90,3128,Https,NotValidated
True,749,3315,United Arab Emirates,25.268510818481445,55.310699462890625,178.32.129.31,3128,Https,NotValidated
True,8449,8538,Poland,50.0782585144043,19.898529052734375,176.115.14.1,8080,Https,Failed
True,16257,15214,Brazil,-3.7332799434661865,-38.657020568847656,191.241.39.42,3128,Https,NotValidated
True,19402,19573,Peru,-12.0464,-77.0428,45.236.172.252,999,Https,Transparent
True,10102,9660,Ukraine,46.4633,30.748,94.158.148.50,8080,Https,Transparent
True,20165,20286,United States,40.7057991027832,-74.01860046386719,167.71.41.173,43937,Https,Elite
True,20949,20936,Mexico,22.02092933654785,-102.27113342285156,201.174.152.190,999,Https,Transparent
True,19167,19123,Indonesia,-6.1996002197265625,106.85769653320312,103.144.75.122,8080,Https,Transparent
True,3646,3646,Russia,43.13069152832031,131.923828125,95.154.111.58,3128,Https,NotValidated
True,30229,30229,Brazil,-23.1889,-47.7712,187.45.24.74,3128,Https,Transparent
True,8805,10315,Indonesia,-6.213500022888184,106.82230377197266,103.11.106.212,8181,Https,Transparent
True,1177,1177,Thailand,13.855560302734375,100.508056640625,183.88.4.219,8080,Https,NotValidated
True,16893,17264,Philippines,14.588890075683594,121.06417083740234,161.49.215.57,8080,Https,Transparent
True,2196,2174,Spain,42.3082,3.0091,80.24.133.109,8080,Https,Failed
True,17648,11822,Venezuela,10.6427,-71.6125,190.217.11.14,8080,Https,NotValidated
True,22326,22360,Indonesia,-6.18054,106.828,36.94.253.189,8080,Https,Transparent
True,8638,8638,Tanzania,-6.79235,39.2083,154.72.81.154,80,Https,NotValidated
True,1595,12249,Indonesia,-6.92573,107.568,103.162.36.73,8080,Https,NotValidated
True,16725,16255,Indonesia,-6.177,106.6284,103.227.254.118,4343,Https,Anonymous
True,27704,27720,India,22.719600677490234,75.85769653320312,103.84.71.173,84,Https,Transparent
True,17115,17030,Argentina,-34.8496,-58.6571,138.219.250.9,3128,Https,Failed
True,11007,11007,Thailand,13.855560302734375,100.508056640625,183.89.177.172,8080,Https,Transparent
True,17424,17887,Norway,58.948848724365234,5.668010234832764,92.220.179.104,8080,Https,Transparent
True,31067,30865,Brazil,-27.596019744873047,-48.55625915527344,200.175.61.185,3128,Https,Transparent
True,4747,5001,United Kingdom,51.5177,-0.6215,46.101.35.70,61562,Https,Transparent
True,13479,11379,Indonesia,-6.178299903869629,106.80460357666016,61.247.50.159,8080,Https,Transparent
True,14757,14498,Ukraine,50.43333053588867,30.51667022705078,37.229.76.131,8080,Https,Transparent
True,1050,8967,Thailand,13.109999656677246,99.94999694824219,101.109.176.38,8080,Https,NotValidated
True,25787,25431,Indonesia,-7.749300003051758,110.36219787597656,103.146.202.109,3128,Https,Transparent
True,19141,19433,Turkey,39.7667,30.5256,213.14.32.75,9090,Https,Transparent
True,8216,7487,Romania,46.8481,26.4616,86.34.133.118,8080,Https,Failed
True,18972,19749,Thailand,13.6687,100.579,14.207.81.186,8080,Https,Transparent
True,16725,16885,Russia,55.7482,37.6177,178.140.58.34,8080,Https,Elite
True,11120,11120,Vietnam,21.02199935913086,105.83999633789062,113.185.19.134,8000,Https,Anonymous
True,15376,16500,Thailand,13.7563,100.502,101.109.255.18,50538,Https,NotValidated
True,27577,27608,Ukraine,50.5183,30.5088,46.219.80.142,57401,Https,Elite
True,20447,21047,Vietnam,10.779999732971191,106.65499877929688,103.90.229.197,3128,Https,Elite
True,29275,27110,Vietnam,10.779999732971191,106.65499877929688,103.90.230.5,3128,Https,Elite
True,24150,24141,Indonesia,-6.1741,106.8296,175.106.10.226,51630,Https,Elite
True,6679,6947,Argentina,-37.731529235839844,-61.32511901855469,45.7.255.71,999,Https,Failed
True,6746,7012,Argentina,-37.9667,-61.3667,45.7.255.74,999,Https,Failed
True,897,897,Singapore,1.295240044593811,103.78974914550781,45.32.126.94,8080,Https,NotValidated
True,17362,17058,Indonesia,-6.177,106.6284,103.83.178.202,8080,Https,Transparent
True,573,2606,United States,40.8364,-74.1403,104.236.123.137,8080,Https,NotValidated
True,1169,1181,Taiwan,25.0310001373291,121.54299926757812,103.124.75.65,3128,Https,NotValidated
True,18056,18746,Indonesia,-6.3917999267578125,106.80599975585938,103.155.156.17,8080,Https,Transparent
True,31424,30974,Argentina,-34.5239,-58.7794,138.36.148.49,8090,Https,Transparent
True,556,6192,United States,39.892608642578125,-105.14920043945312,167.172.171.115,40061,Https,NotValidated
True,903,955,United States,34.0485,-118.2529,173.254.206.34,3128,Https,Elite
True,53238,53242,Germany,53.6498,10.0844,95.156.230.45,80,Https,Elite
True,23832,23832,Indonesia,-6.3917999267578125,106.80599975585938,103.76.175.86,8080,Https,Transparent
True,18476,18452,Vietnam,10.8326,106.6581,222.253.41.252,8080,Https,Transparent
True,15222,15222,Brazil,-23.809,-53.0803,201.149.102.243,8085,Https,Transparent
True,20724,20568,Venezuela,10.5048,-66.9208,170.244.88.113,999,Https,Transparent
True,5018,8228,India,19.0748,72.8856,140.238.228.223,3128,Https,NotValidated
True,8190,8799,Dominican Republic,18.5,-69.9832992553711,179.52.231.32,9991,Https,Transparent
True,31930,31915,Argentina,-27.48332977294922,-55.116668701171875,45.228.189.193,999,Https,Transparent
True,20015,19755,India,22.961200714111328,76.05139923095703,103.84.70.29,82,Https,Transparent
True,9264,9508,Germany,50.1188,8.6843,161.35.216.134,3128,Https,Transparent
True,11547,11493,Brazil,-20.7882,-51.703,45.227.251.21,9292,Https,Transparent
True,11484,11349,Brazil,-25.434879302978516,-49.27511978149414,170.254.104.234,8080,Https,Transparent
True,9530,10275,Poland,50.9251,16.1096,193.106.192.2,8080,Https,Failed
True,5744,6285,Argentina,-38.087650299072266,-61.04389953613281,45.7.255.90,999,Https,Failed
True,42841,42841,Germany,50.475,12.365,157.90.4.41,8118,Https,NotValidated
True,22371,22371,Serbia,44.802398681640625,20.465599060058594,109.245.242.105,35659,Https,Elite
True,17946,17891,Bolivia,-17.799999237060547,-63.16667175292969,181.188.168.238,8080,Https,Transparent
True,1126,14363,Thailand,20.43000030517578,99.87999725341797,183.88.177.163,8088,Https,NotValidated
True,4204,12215,United States,39.892608642578125,-105.14920043945312,167.172.109.12,36485,Https,NotValidated
True,33094,33094,United States,47.61101150512695,-122.3335189819336,193.122.197.154,80,Https,Elite
True,52492,52250,Brazil,-23.5716,-46.6443,169.57.219.244,80,Https,Elite
True,3350,10176,Germany,50.11090087890625,8.682100296020508,165.227.173.87,40516,Https,NotValidated
True,115619,2738,Canada,45.502079010009766,-73.56201171875,144.217.254.175,3128,Https,NotValidated
True,9644,9567,Poland,50.86668014526367,15.983940124511719,193.106.192.9,8080,Https,Failed
True,11332,11710,Colombia,6.235899925231934,-75.57510375976562,181.129.248.140,999,Https,Transparent
True,24173,24229,India,12.971599578857422,77.59459686279297,103.139.156.122,84,Https,Transparent
True,19695,19468,Colombia,7.8351,-72.4722,181.129.189.114,8080,Https,Transparent
True,38292,29606,United States,30.267200469970703,-97.7423095703125,143.198.49.195,8888,Https,NotValidated
True,14061,15933,Argentina,-43.4185,-66.0111,200.41.172.82,8080,Https,Failed
True,20614,19687,Cambodia,11.562999725341797,104.91500091552734,36.37.136.171,8080,Https,Transparent
True,229,942,France,48.90850067138672,2.363800048828125,165.225.77.42,9401,Https,NotValidated
True,8720,9231,Vietnam,21.0313,105.8516,27.72.63.61,8080,Https,Transparent
True,12861,14161,Germany,50.11090087890625,8.682100296020508,165.227.173.87,34453,Https,Elite
True,10536,19479,India,12.9634,77.5855,143.110.240.77,3128,Https,NotValidated
True,11384,11363,Germany,50.11090087890625,8.682100296020508,68.183.221.156,41829,Https,Elite
True,18929,18803,Congo - Kinshasa,0,25,102.69.180.242,3128,Https,Transparent
True,17505,17505,France,48.9335,2.3661,185.156.173.101,8080,Https,Transparent
True,24993,24984,India,22.7652,74.5894,103.19.129.2,82,Https,Transparent
True,17163,17163,Thailand,13.047039985656738,100.92890930175781,183.89.117.23,8080,Https,NotValidated
True,23205,24131,United States,38.8606,-76.9776,50.246.120.125,8080,Https,Elite
True,30155,25197,Brazil,-23.5505,-46.6333,18.229.164.68,8080,Https,NotValidated
True,15969,16332,Mexico,25.439199447631836,-100.95536804199219,45.5.94.26,3128,Https,Transparent
True,1222,1222,Singapore,1.3200000524520874,103.8198013305664,52.221.200.189,80,Https,NotValidated
True,6362,4645,India,25.583999633789062,83.5770034790039,14.140.131.82,3128,Https,NotValidated
True,20328,17715,Georgia,41.6168,41.6367,185.128.104.73,8080,Https,Failed
True,13506,13856,Mexico,32.53255081176758,-117.03907012939453,201.174.75.2,3128,Https,Failed
True,17609,17714,Peru,-12.0464,-77.0428,209.45.3.166,999,Https,Transparent
True,9585,9693,United States,39.892608642578125,-105.14920043945312,167.172.191.249,34585,Https,Elite
True,18951,19004,Brazil,-28.7888,-49.4635,201.76.3.185,8080,Https,Transparent
True,19370,19214,Turkey,40.91669845581055,29.200000762939453,176.236.160.131,8080,Https,Transparent
True,28908,29456,Japan,35.69628143310547,139.73855590820312,35.72.9.225,80,Https,Elite
True,1023,2846,France,48.90850067138672,2.363800048828125,165.225.77.47,80,Https,NotValidated
True,21533,21646,Chile,-33.4513,-70.6653,186.103.203.203,999,Https,Transparent
True,18293,18293,Russia,55.99518966674805,37.21638870239258,37.230.147.206,8080,Https,Transparent
True,13861,13861,Indonesia,-7.2652997970581055,112.74250030517578,139.228.32.187,8080,Https,Transparent
True,20108,20108,Russia,55.764408111572266,37.636600494384766,82.114.106.40,1256,Https,Transparent
True,21106,21106,Thailand,13.6984,100.4638,124.122.67.173,8213,Https,NotValidated
True,33560,32995,Ecuador,-3.9900999069213867,-79.20449829101562,201.234.198.220,999,Https,Transparent
True,8998,9228,United States,39.892608642578125,-105.14920043945312,167.172.191.249,37324,Https,Elite
True,9540,10960,Venezuela,10.23330020904541,-67.33329772949219,138.122.6.98,999,Https,NotValidated
True,1688,6682,Colombia,4.6351,-74.0703,190.216.129.77,999,Https,NotValidated
True,14782,15303,Libya,32.87519073486328,13.187459945678711,165.16.76.67,8080,Https,Transparent
True,29355,29355,India,23.022499084472656,72.57140350341797,43.224.10.25,6666,Https,Elite
True,6295,14218,Colombia,4.599999904632568,-74.08332824707031,181.78.11.220,999,Https,NotValidated
True,21660,22805,Indonesia,-7.2652997970581055,112.74250030517578,182.253.199.101,8080,Https,Transparent
True,21283,21615,Colombia,6.2059,-75.5901,186.159.3.41,30334,Https,Elite
True,18269,18392,Indonesia,-5,120,103.160.56.6,8080,Https,Transparent
True,14776,14854,Brazil,-27.596019744873047,-48.55625915527344,51.81.21.221,3128,Https,Elite
True,3642,3832,Brazil,-8.062020301818848,-34.878929138183594,189.80.63.50,8080,Https,Failed
True,24479,24498,Iraq,35.565,45.4329,62.201.226.186,8080,Https,Transparent
True,2575,2575,Singapore,1.295240044593811,103.78974914550781,45.77.40.143,8080,Https,NotValidated
True,17499,17112,Vietnam,10.954000473022461,106.85299682617188,115.75.1.156,38351,Https,Elite
True,24619,25761,Argentina,-34.611778259277344,-58.41730880737305,138.36.148.8,8090,Https,Transparent
True,19468,19496,India,22.719600677490234,75.85769653320312,103.84.69.69,83,Https,Transparent
True,16023,15845,Bangladesh,23.787710189819336,90.3798828125,103.19.130.50,8080,Https,Transparent
True,23094,22976,Colombia,3.466670036315918,-76.53333282470703,181.143.224.46,999,Https,Transparent
True,21910,21941,India,23.022499084472656,72.57140350341797,103.216.82.153,6666,Https,Elite
True,33679,33406,United States,33.798458099365234,-84.3882827758789,64.227.6.108,3127,Https,Elite
True,63091,63022,United States,33.6173,-111.905,192.169.205.111,80,Https,Elite
True,20051,20051,Angola,-8.804010391235352,13.237360000610352,41.63.170.142,8080,Https,Transparent
True,21976,21976,Thailand,13.756329536437988,100.50177001953125,118.172.43.60,8080,Https,Transparent
True,968,968,United States,45.5235,-122.676,34.216.84.60,3128,Https,NotValidated
True,8815,10154,Indonesia,-8.36400032043457,114.14779663085938,103.146.196.82,8081,Https,NotValidated
True,21591,21958,Russia,55.82183837890625,37.649169921875,79.137.254.51,60779,Https,Elite
True,12886,12886,India,22.9644,76.0473,103.84.71.49,83,Https,NotValidated
True,49277,48762,Israel,32.084041595458984,34.887760162353516,212.117.137.153,3128,Https,Elite
True,39112,38889,Colombia,4.599999904632568,-74.08332824707031,190.61.41.182,999,Https,Transparent
True,10604,11302,Germany,50.1188,8.6843,165.227.173.87,38800,Https,Elite
True,314,419,Netherlands,52.3702,4.89517,145.40.68.155,80,Https,NotValidated
True,7475,7475,Canada,45.3151,-73.8779,198.50.163.192,3129,Https,Elite
True,1063,1073,India,19.076000213623047,72.87770080566406,65.1.241.44,3128,Https,NotValidated
True,24644,24275,Vietnam,10.779999732971191,106.65499877929688,103.90.228.209,3128,Https,Elite
True,1691,1239,Singapore,1.32123,103.695,188.166.215.233,8080,Https,NotValidated
True,30503,30467,Chile,-33.46500015258789,-70.65599822998047,200.54.194.10,53281,Https,Elite
True,18965,18965,Kenya,-4.050000190734863,39.66669845581055,41.139.253.91,8080,Https,Transparent
True,124785,107800,Germany,51,9,95.111.236.28,3128,Https,Transparent
True,12354,14115,Indonesia,-7.7197,110.3571,36.78.44.176,3128,Https,Transparent
True,2214,2748,Vietnam,21.0022,105.806,103.107.183.160,80,Https,Transparent
True,28778,28825,United States,38.906898498535156,-77.02839660644531,35.245.254.223,3128,Https,Transparent
True,29820,30148,Argentina,-26.870899200439453,-60.21540069580078,181.13.3.186,999,Https,Transparent
True,22269,22058,Brazil,-15.3793,-54.9295,45.71.68.51,8080,Https,Transparent
True,1182,1117,Thailand,13.0672,100.0552,182.52.125.34,8080,Https,NotValidated
True,1731,4097,Brazil,-7.1150898933410645,-34.88996124267578,187.19.207.86,3128,Https,NotValidated
True,24987,24469,Brazil,-25.434879302978516,-49.27511978149414,177.220.156.42,3128,Https,Transparent
True,12199,12276,Germany,50.1188,8.6843,165.227.173.87,41589,Https,Elite
True,12426,12172,Germany,50.11090087890625,8.682100296020508,157.230.103.189,39179,Https,Elite
True,9952,27573,India,19.076,72.8777,52.66.233.230,3128,Https,NotValidated
True,10953,12389,Brazil,-8.062020301818848,-34.878929138183594,200.17.137.40,3128,Https,Failed
True,12395,12710,Colombia,4.599999904632568,-74.08332824707031,186.96.117.28,9991,Https,Transparent
True,23831,18183,Indonesia,-6.3917999267578125,106.80599975585938,103.227.254.118,2021,Https,Anonymous
True,25420,25203,Thailand,13.8582,100.478,171.96.111.89,8080,Https,Transparent
True,37646,35392,Thailand,13.756329536437988,100.50177001953125,110.77.218.77,8080,Https,Transparent
True,30819,30819,Indonesia,-6.173799991607666,106.82669830322266,117.102.81.4,53281,Https,Elite
True,19094,18993,United States,40.7057991027832,-74.01860046386719,167.71.41.173,33537,Https,Elite
True,11542,11512,Indonesia,-6.185100078582764,106.83110046386719,36.94.94.63,8080,Https,Transparent
True,26849,26849,India,17.465900421142578,78.46009826660156,103.24.126.179,84,Https,Transparent
True,2207,6855,Germany,50.1188,8.6843,167.172.180.46,42540,Https,NotValidated
True,21331,21302,Brazil,-5.111979961395264,-35.96736145019531,138.118.248.16,8080,Https,Transparent
True,14766,12181,Indonesia,-7.2484,112.7419,36.73.238.183,80,Https,Transparent
True,12550,13008,Indonesia,-6.3022,107.3084,103.25.195.180,80,Https,Transparent
True,14447,14108,India,13.052399635314941,80.25080108642578,103.90.238.13,8080,Https,Transparent
True,19070,18582,Brazil,-25.5079,-49.2909,187.95.113.173,3128,Https,Transparent
True,22989,22926,India,19.076000213623047,72.87770080566406,103.35.135.2,82,Https,Transparent
True,1105,5802,Indonesia,-6.229800224304199,106.83260345458984,118.151.220.28,8080,Https,NotValidated
True,19318,19531,Indonesia,-6.18104,106.826,36.95.27.209,80,Https,Transparent
True,7739,7739,India,17.84515953063965,78.68183135986328,202.133.49.204,82,Https,Transparent
True,13649,14084,India,22.3005,73.204,103.241.227.106,6666,Https,Elite
True,43630,38365,Brazil,-23.5114,-46.8729,51.222.150.1,3128,Https,NotValidated
True,22649,21900,Japan,35.58351135253906,139.74615478515625,45.32.27.206,3128,Https,Transparent
True,15979,14594,Kenya,-1.36587,36.9125,154.79.248.124,57853,Https,Elite
True,14892,14826,Iraq,33.340579986572266,44.40087890625,188.72.51.241,8080,Https,Transparent
True,14454,14692,Brazil,-25.434879302978516,-49.27511978149414,187.95.114.166,3128,Https,NotValidated
True,25109,25346,Russia,55.764408111572266,37.636600494384766,95.165.187.202,45396,Https,Elite
True,18394,18497,South Africa,-25.800199508666992,28.302400588989258,102.33.21.36,8080,Https,Transparent
True,10816,10526,Germany,50.1188,8.6843,167.172.191.249,38811,Https,Elite
True,32771,32771,South Africa,-26.199169158935547,28.0563907623291,102.130.122.56,8888,Https,Elite
True,24470,24624,Indonesia,-7.142899990081787,111.89830017089844,36.90.180.187,8181,Https,Transparent
True,18345,17960,Brazil,-15.222410202026367,-41.46554183959961,186.226.184.54,666,Https,Transparent
True,7393,6702,Brazil,-21.1072,-44.2195,200.222.46.130,8080,Https,Failed
True,4918,5175,Brazil,-22.869359970092773,-42.35321044921875,200.195.15.150,8080,Https,Failed
True,3136,7498,Indonesia,-6.173799991607666,106.82669830322266,36.83.72.69,8080,Https,NotValidated
True,22706,23427,Colombia,1.6666699647903442,-77,138.0.89.110,9991,Https,Transparent
True,31156,31252,Mexico,17.67003059387207,-95.88011932373047,45.174.92.3,999,Https,Transparent
True,30449,29329,Colombia,1.216670036315918,-77.28333282470703,152.231.29.165,18080,Https,Transparent
True,8726,8258,Netherlands,52.3759,4.8975,163.172.221.209,443,Https,Elite
True,23559,23726,United Kingdom,51.540000915527344,-0.16861000657081604,8.208.91.118,8080,Https,Transparent
True,16786,16634,Indonesia,-6.213500022888184,106.82230377197266,103.11.106.218,8181,Https,Transparent
True,26723,26516,Germany,50.1188,8.6843,167.71.41.173,37297,Https,Elite
True,25802,27040,United States,40.0992,-83.1141,3.17.235.206,3128,Https,Elite
True,3762,3765,Vietnam,21.0278,105.834,14.225.5.68,80,Https,Elite
True,21101,21077,Vietnam,21.014890670776367,105.76072692871094,115.75.2.213,38351,Https,Elite
True,10606,10982,Indonesia,-7.127600193023682,110.40450286865234,36.79.60.170,8080,Https,Transparent
True,26529,26400,Indonesia,-6.173799991607666,106.82669830322266,115.85.73.179,3128,Https,Transparent
True,10592,10528,Mexico,19.348430633544922,-99.19747924804688,187.188.125.93,8080,Https,Transparent
True,17152,17519,Pakistan,24.882999420166016,67.05799865722656,59.103.138.123,8080,Https,Transparent
True,4421,3743,Indonesia,-6.22101,106.677,103.125.104.250,80,Https,Anonymous
True,10082,10110,Thailand,13.855560302734375,100.508056640625,183.88.193.45,8080,Https,Transparent
True,19759,19759,Singapore,1.27989,103.849,51.79.184.112,8080,Https,Transparent
True,23464,23452,Vietnam,10.779999732971191,106.65499877929688,103.90.229.201,3128,Https,Elite
True,20926,20819,India,23.022499084472656,72.57140350341797,43.224.10.13,6666,Https,Elite
True,1956,1956,United States,40.7589111328125,-73.97901916503906,104.236.195.241,8080,Https,Transparent
True,15991,15991,Iraq,33.340579986572266,44.40087890625,188.72.51.242,8080,Https,Transparent
True,8901,13805,Indonesia,-7.829999923706055,112.69999694824219,36.88.114.162,8080,Https,NotValidated
True,16211,15483,France,45.194278717041016,5.731629848480225,46.105.35.193,8080,Https,Elite
True,13210,13456,United States,40.7057991027832,-74.01860046386719,167.71.41.173,40759,Https,Elite
True,25000,24974,Palestinian Territories,31.905000686645508,35.20000076293945,185.33.169.104,999,Https,Transparent
True,2393,3004,France,48.8323,2.4075,165.225.77.47,9400,Https,Elite
True,7301,22615,United States,39.14638137817383,-94.57077026367188,69.30.200.154,3128,Https,NotValidated
True,15634,16056,France,48.58293151855469,7.743750095367432,51.77.144.148,3128,Https,Transparent
True,1360,1560,Brazil,-25.434879302978516,-49.27511978149414,131.255.239.38,3128,Https,Failed
True,3262,3501,Singapore,1.3200000524520874,103.8198013305664,128.199.214.87,3128,Https,Elite
True,10767,10763,Germany,50.1188,8.6843,167.172.191.249,33149,Https,Elite
True,20021,20021,Nepal,27.66670036315918,85.31670379638672,110.44.119.71,8080,Https,Transparent
True,20201,19876,Russia,55.371238708496094,86.05243682861328,176.197.223.206,3128,Https,Transparent
True,15680,15468,Brazil,-16.45111083984375,-39.06460189819336,45.177.12.198,3128,Https,Transparent
True,6122,4321,United States,39.892608642578125,-105.14920043945312,167.172.180.40,36760,Https,NotValidated
True,27517,29207,India,28.635299682617188,77.2249984741211,110.172.132.51,8888,Https,Elite
True,28240,28146,United States,37.3417,-121.9753,142.93.24.89,3128,Https,Transparent
True,25770,25788,United States,42.22554016113281,-88.23175048828125,12.41.126.196,3128,Https,Transparent
True,17100,8752,Russia,55.7483,37.6171,94.198.197.178,80,Https,NotValidated
True,29439,29114,Brazil,-20.34295082092285,-40.291778564453125,189.50.9.250,8080,Https,Transparent
True,34008,34008,Bangladesh,23.810300827026367,90.4124984741211,180.149.232.148,8080,Https,NotValidated
True,21792,21792,Indonesia,-6.1741,106.8296,202.169.51.46,8080,Https,Transparent
True,16532,16532,Indonesia,-6.2876,106.722,36.92.187.186,8080,Https,Transparent
True,10202,10144,United States,39.892608642578125,-105.14920043945312,167.172.191.249,39591,Https,Elite
True,22214,22214,India,23.022499084472656,72.57140350341797,43.224.10.23,6666,Https,Elite
True,3523,3534,Argentina,-34.6011,-58.3847,190.3.92.254,3128,Https,Failed
True,19744,19744,Ukraine,46.48249816894531,30.72330093383789,85.238.96.46,8080,Https,Transparent
True,17620,17691,Turkey,39.95471954345703,32.84693908691406,213.14.32.76,9090,Https,Transparent
True,28025,27945,Ecuador,-3.4063000679016113,-78.5718002319336,45.225.88.233,8080,Https,Transparent
True,23188,23006,United States,39.043701171875,-77.47419738769531,34.235.130.251,80,Https,Elite
True,5690,5690,Indonesia,-6.173799991607666,106.82669830322266,112.78.134.194,80,Https,NotValidated
True,24980,24973,United States,40.7057991027832,-74.01860046386719,167.71.41.173,33134,Https,Elite
True,18417,11364,Brazil,-23.3026,-54.0828,191.243.176.123,8080,Https,NotValidated
True,24096,23943,India,20,77,103.93.106.81,8080,Https,Transparent
True,21903,21865,Italy,42.5802001953125,13.980999946594238,212.43.123.18,41258,Https,Elite
True,14982,14899,Germany,50.1188,8.6843,167.71.41.173,37681,Https,Elite
True,11669,12331,Venezuela,10.652999877929688,-71.61000061035156,45.179.164.65,999,Https,Transparent
True,28752,28752,Nigeria,6.43001,3.41339,197.211.45.4,10000,Https,Transparent
True,33766,33766,Russia,51.549278259277344,39.141780853271484,109.106.139.10,8080,Https,NotValidated
True,22863,18947,Brazil,-9.465160369873047,-35.55213165283203,45.177.233.145,8080,Https,Transparent
True,20967,20967,India,21.6866,75.1004,103.19.128.102,83,Https,Transparent
True,22057,22520,Thailand,13.15999984741211,100.93000030517578,183.89.118.208,8080,Https,Transparent
True,28848,28995,United States,29.472780227661133,-98.53563690185547,52.185.204.154,80,Https,Elite
True,13343,13159,Russia,55.03923034667969,82.92781829833984,194.8.85.146,3128,Https,Elite
True,5417,8594,United States,39.892608642578125,-105.14920043945312,167.172.180.46,46021,Https,NotValidated
True,19634,19667,Colombia,9.3047,-75.3978,190.121.131.10,8080,Https,Transparent
True,9329,10057,Indonesia,-6.173799991607666,106.82669830322266,118.137.167.216,8080,Https,Transparent
True,2423,2454,Brazil,-22.4481,-44.4861,179.222.241.123,3128,Https,Failed
True,21119,21068,Russia,55.7482,37.6177,80.244.226.92,8080,Https,Transparent
True,16700,16723,Russia,55.797,37.5594,5.16.0.243,1256,Https,Transparent
True,237,703,United Kingdom,51.5177,-0.6215,46.101.59.176,8080,Https,NotValidated
True,17351,17332,Colombia,4.599999904632568,-74.08332824707031,181.78.3.170,999,Https,Transparent
True,17974,14933,Brazil,-12.941800117492676,-38.371421813964844,200.223.187.130,8080,Https,Transparent
True,778,585,Russia,54.744998931884766,32.064998626708984,213.137.240.243,81,Https,Failed
True,12652,9742,United States,40.7057991027832,-74.01860046386719,167.71.41.173,34307,Https,NotValidated
True,4823,7937,Germany,50.1188,8.6843,167.172.180.40,41621,Https,NotValidated
True,21519,20964,Vietnam,10.779999732971191,106.65499877929688,103.90.229.170,3128,Https,Elite
True,16320,16281,Brazil,-23.5515193939209,-46.633140563964844,45.163.161.225,8080,Https,Transparent
True,21511,21521,Thailand,13.756329536437988,100.50177001953125,1.10.189.126,57959,Https,Elite
True,16249,17486,Bangladesh,23.810300827026367,90.4124984741211,180.149.232.150,8080,Https,Transparent
True,27617,27617,Colombia,3.450000047683716,-76.51667022705078,152.231.25.114,8080,Https,Transparent
True,10602,10891,Poland,50.6864013671875,16.235130310058594,176.109.163.38,8080,Https,Failed
True,18314,18314,Indonesia,-6.17511,106.865,103.161.162.48,8080,Https,Transparent
True,26479,26479,Indonesia,-6.150000095367432,106.7300033569336,103.213.116.197,8080,Https,Transparent
True,15289,14795,Indonesia,-6.1741,106.8296,36.69.94.248,8080,Https,Transparent
True,22686,16625,Ukraine,46.80979919433594,33.48310089111328,31.41.108.6,8080,Https,Failed
True,17744,15199,Germany,50.11090087890625,8.682100296020508,165.227.173.87,36227,Https,Elite
True,3108,7030,United States,39.892608642578125,-105.14920043945312,167.172.180.46,34817,Https,NotValidated
True,16939,16956,India,16.3712,78.0703,202.133.49.205,83,Https,Transparent
True,15820,15790,Indonesia,-6.1741,106.8296,182.16.242.30,8080,Https,Transparent
True,25320,25268,Thailand,18.06999969482422,99.83000183105469,183.89.13.191,8080,Https,Transparent
True,26250,27179,Germany,47.89352035522461,10.26537036895752,213.182.20.99,8080,Https,Elite
True,23627,23510,United States,37.539791107177734,-122.32969665527344,47.254.90.125,8888,Https,Transparent
True,2051,2033,Mexico,19.70284080505371,-101.1878662109375,132.248.196.2,8080,Https,Elite
True,1561,8781,India,28.618200302124023,77.22329711914062,122.187.224.151,3128,Https,NotValidated
True,12241,12426,Indonesia,-6.178299903869629,106.63189697265625,103.125.105.59,8080,Https,Anonymous
True,1366,12049,Indonesia,-6.2352,106.9922,103.247.22.82,8080,Https,NotValidated
True,29898,27804,Indonesia,-7.711999893188477,110.59600067138672,103.126.85.38,3128,Https,Transparent
True,20678,19957,Indonesia,-7.0646,111.285,103.224.103.38,8080,Https,Transparent
True,17752,17728,Georgia,41.6168,41.6367,185.128.104.89,8080,Https,Failed
True,36883,34756,United States,37.44295883178711,-122.15119934082031,142.93.31.20,3128,Https,Transparent
True,20255,20255,Russia,55.764408111572266,37.636600494384766,185.110.210.193,8080,Https,Transparent
True,5903,19076,Colombia,10.3396,-73.181,181.78.11.218,999,Https,NotValidated
True,17995,20946,Netherlands,52.309051513671875,4.940189838409424,212.80.217.28,1080,Https,Transparent
True,22930,22930,India,23.022499084472656,72.57140350341797,43.224.10.31,6666,Https,Elite
True,11482,14911,Russia,64.5676,39.8018,178.64.97.31,8080,Https,NotValidated
True,11075,11043,Germany,50.1188,8.6843,165.227.173.87,40997,Https,Elite
True,19517,19517,United Kingdom,51.40719985961914,-1.323699951171875,92.207.253.226,38157,Https,Elite
True,19912,19818,Russia,51.9492,85.9698,193.233.9.167,57625,Https,Elite
True,14772,14379,Indonesia,-6.173799991607666,106.82669830322266,180.248.87.183,8080,Https,Transparent
True,31746,31408,Venezuela,10.498499870300293,-66.9009017944336,191.97.16.202,999,Https,Transparent
True,10379,10463,United States,39.892608642578125,-105.14920043945312,167.172.191.249,38403,Https,Elite
True,44547,34172,United States,40.0992,-83.1141,3.137.148.2,3128,Https,Transparent
True,61722,58104,Indonesia,-6.1741,106.8296,203.128.69.146,8080,Https,Transparent
True,19851,19782,Bangladesh,23.810300827026367,90.4124984741211,115.127.24.34,8800,Https,Elite
True,15917,15932,Indonesia,-6.20876,106.846,103.28.149.108,3128,Https,Failed
True,26508,26604,Iran,35.727,51.3336,109.201.9.99,8080,Https,Transparent
True,3102,9686,United States,39.892608642578125,-105.14920043945312,167.172.180.46,38098,Https,NotValidated
True,13770,13141,Indonesia,-6.400000095367432,106.94999694824219,103.247.22.82,80,Https,Anonymous
True,17655,18137,Brazil,-20.545930862426758,-48.570518493652344,200.187.169.212,3128,Https,Transparent
True,19478,19478,Slovakia,48.7491,19.1958,81.161.61.88,35953,Https,Elite
True,9349,9270,Indonesia,-6.173799991607666,106.82669830322266,36.65.229.78,8080,Https,Transparent
True,18839,18947,Bangladesh,23.7505,90.3681,103.60.173.114,8080,Https,Transparent
True,11022,11061,Germany,50.11090087890625,8.682100296020508,68.183.221.156,40513,Https,Elite
True,13644,13237,Indonesia,-8.656000137329102,115.22200012207031,202.164.223.1,3281,Https,Transparent
True,12543,10459,Germany,50.1188,8.6843,167.172.180.46,35884,Https,Elite
True,22372,22360,Turkey,38.6735,29.4058,176.235.131.231,9090,Https,Transparent
True,12841,9986,Pakistan,30,70,103.153.117.10,3128,Https,Transparent
True,18387,18617,Brazil,-20.46162986755371,-45.432838439941406,177.70.243.41,8080,Https,Transparent
True,14564,14564,Indonesia,-6.8165998458862305,107.13330078125,103.28.149.107,3128,Https,Failed
True,9565,7303,Germany,50.1188,8.6843,167.172.109.12,44041,Https,NotValidated
True,25500,25746,Brazil,-11.73289966583252,-49.07487869262695,186.192.251.63,8080,Https,Transparent
True,19264,19194,India,23.022499084472656,72.57140350341797,150.129.52.74,6666,Https,Elite
True,17520,15328,Indonesia,-6.9932,110.4215,123.231.175.42,8080,Https,Transparent
True,7646,9501,United States,39.892608642578125,-105.14920043945312,167.172.180.46,42227,Https,Elite
True,10898,10806,Indonesia,-8.0982,112.165,180.248.3.62,8080,Https,Transparent
True,20036,20025,Nepal,28,84,103.104.29.141,8080,Https,Transparent
True,57741,37092,Belgium,50.9009,4.4855,35.240.34.154,80,Https,NotValidated
True,13868,13773,Mexico,19.348430633544922,-99.19747924804688,187.190.143.118,999,Https,Transparent
True,17262,17264,United States,39.892608642578125,-105.14920043945312,167.172.184.166,43827,Https,Elite
True,2493,22980,Thailand,13.7267,100.515,116.58.247.20,8080,Https,NotValidated
True,24676,21919,Nepal,28,84,103.153.232.30,8080,Https,Transparent
True,13746,11898,Indonesia,-7.2652997970581055,112.74250030517578,125.163.218.87,8080,Https,Transparent
True,1713,16652,United States,47.61101150512695,-122.3335189819336,152.67.1.199,8000,Https,NotValidated
True,20426,20332,Germany,49.0291,8.35695,5.252.224.190,3128,Https,Transparent
True,19422,18844,Democratic Republic of the Congo,-4.30651,15.2924,102.69.180.159,3128,Https,Transparent
True,1271,1826,Singapore,1.32123,103.695,188.166.176.31,8080,Https,NotValidated
True,26883,26870,Brazil,-22.24987030029297,-45.71979904174805,170.231.187.209,8080,Https,Transparent
True,27016,27086,Colombia,2.450000047683716,-76.5999984741211,45.167.125.25,9992,Https,Transparent
True,17100,17163,Guatemala,14.6349,-90.5069,45.5.116.162,999,Https,Transparent
True,15472,15527,Indonesia,-6.173799991607666,106.82669830322266,36.66.87.78,8080,Https,Transparent
True,17988,31237,Venezuela,9.060759544372559,-70.60724639892578,181.225.41.131,8080,Https,Transparent
True,34753,34776,Hong Kong SAR China,22.248310089111328,114.15239715576172,40.83.102.86,80,Https,Elite
True,20727,20727,France,48.88140106201172,2.3364999294281006,163.172.52.122,3128,Https,Transparent
True,10708,10708,Indonesia,-6.173799991607666,106.82669830322266,118.99.102.59,8080,Https,NotValidated
True,19554,19554,Turkey,36.20389175415039,36.171390533447266,88.255.102.234,8080,Https,Transparent
True,33991,16024,Poland,50.7849,16.1704,91.203.16.1,9999,Https,NotValidated
True,926,1418,Singapore,1.3200000524520874,103.8198013305664,188.166.210.52,8080,Https,NotValidated
True,17679,17675,Russia,49.3845,40.1472,185.102.138.148,8080,Https,Transparent
True,16406,16488,Indonesia,-7.643499851226807,112.90509796142578,103.106.219.79,3128,Https,Transparent
True,3888,3939,Ukraine,46.553001403808594,33.82160186767578,91.214.179.11,8080,Https,Failed
True,21917,32651,United States,37.769168853759766,-122.44249725341797,159.65.67.57,3127,Https,NotValidated
True,23644,24819,Indonesia,-6.1915998458862305,106.46980285644531,125.161.11.6,3128,Https,NotValidated
True,22076,22076,United States,35.780391693115234,-81.33650970458984,156.19.50.150,3128,Https,Elite
True,15613,15503,Brazil,-24.79136085510254,-50.010189056396484,45.238.68.30,80,Https,Elite
True,11578,12902,Germany,50.1188,8.6843,165.227.173.87,35953,Https,Elite
True,16985,13320,Iran,35.7838,51.4361,217.60.194.47,8080,Https,Transparent
True,721,7405,United States,39.892608642578125,-105.14920043945312,167.172.109.12,34351,Https,NotValidated
True,1775,1775,Thailand,13.8742,100.595,101.108.113.59,8080,Https,NotValidated
True,11779,11771,Ukraine,46.957401275634766,33.60390090942383,31.41.108.5,8080,Https,Failed
True,2986,13621,Indonesia,-2.962100028991699,104.7345962524414,112.78.179.66,8080,Https,NotValidated
True,15443,15325,United States,40.7057991027832,-74.01860046386719,167.71.41.173,42489,Https,Elite
True,5775,9459,Thailand,13.855560302734375,100.508056640625,180.183.12.41,8080,Https,NotValidated
True,20634,20432,Indonesia,-5,120,103.160.56.10,8080,Https,Transparent
True,1489,5689,Mexico,31.45199966430664,-106.56754302978516,201.127.160.164,999,Https,NotValidated
True,16367,16301,Germany,50.11090087890625,8.682100296020508,157.230.103.189,37231,Https,Elite
True,9578,9602,Germany,50.1188,8.6843,68.183.221.156,38159,Https,Elite
True,2196,2190,United States,40.8364,-74.1403,104.236.81.226,8080,Https,Transparent
True,20417,20417,Mexico,28.740999221801758,-105.95800018310547,187.190.255.245,999,Https,Transparent
True,27726,27371,Estonia,59.43479919433594,24.74367904663086,45.129.96.67,3128,Https,Transparent
True,20745,37712,Thailand,13.756329536437988,100.50177001953125,14.207.7.168,8213,Https,NotValidated
True,12813,12751,Germany,50.1188,8.6843,68.183.221.156,34195,Https,Elite
True,8432,12667,Brazil,-23.5515193939209,-46.633140563964844,169.57.158.57,80,Https,Transparent
True,40311,40311,Singapore,1.32123,103.695,128.199.97.219,8080,Https,Transparent
True,28192,28271,Japan,35.69628143310547,139.73855590820312,13.114.160.78,80,Https,Elite
True,8143,9168,Czechia,50.083919525146484,14.486209869384766,185.38.111.1,8080,Https,Transparent
True,6430,6430,Mexico,17.0665,-96.7226,187.188.168.54,9991,Https,NotValidated
True,21257,21251,India,17.3841,78.4564,103.245.199.74,8080,Https,Transparent
True,21958,21924,Indonesia,-6.3917999267578125,106.80599975585938,103.141.105.156,3128,Https,Transparent
True,20979,20963,India,21.5197,70.4598,103.251.214.167,6666,Https,Elite
True,13127,14079,Thailand,13.756329536437988,100.50177001953125,1.4.198.117,8080,Https,Transparent
True,22117,21850,Indonesia,-6.173799991607666,106.82669830322266,36.67.197.54,8181,Https,Transparent
True,1466,9339,United States,39.892608642578125,-105.14920043945312,167.172.171.151,41233,Https,NotValidated
True,10381,10381,United States,39.892608642578125,-105.14920043945312,167.172.191.249,34425,Https,Elite
True,684,1880,United States,39.99557876586914,-82.99945831298828,3.139.235.232,3128,Https,NotValidated
True,24250,24250,Indonesia,-6.1741,106.8296,36.94.149.73,8080,Https,Transparent
True,48772,49571,Singapore,1.32123,103.695,128.199.138.137,8080,Https,Transparent
True,18760,18452,Germany,50.1188,8.6843,167.172.191.249,43878,Https,Elite
True,18891,18891,Turkey,37.92721176147461,32.41973876953125,95.9.194.13,56726,Https,Elite
True,22644,22644,India,22.2916,70.7932,150.129.151.83,6666,Https,Elite
True,19435,19435,Thailand,13.756329536437988,100.50177001953125,1.20.103.196,42792,Https,Elite
True,8303,8357,Indonesia,-6.2004,106.951,103.145.31.138,8080,Https,Transparent
True,19856,19892,Brazil,-21.58099937438965,-50.16400146484375,168.227.90.13,8080,Https,Transparent
True,15025,14781,Turkey,39.9277,32.8322,212.175.191.92,8080,Https,Elite
True,17730,17632,United States,39.892608642578125,-105.14920043945312,167.172.171.115,33045,Https,Elite
True,17086,17033,United States,40.7057991027832,-74.01860046386719,167.71.41.173,34257,Https,Elite
True,17442,17121,Indonesia,-6.173799991607666,106.82669830322266,36.67.197.53,8181,Https,Transparent
True,22228,22228,India,15.9572,76.1184,103.112.213.82,82,Https,Transparent
True,20130,20130,Argentina,-37.2695,-56.9845,181.192.2.233,53281,Https,Elite
True,2138,2126,Philippines,14.566670417785645,121.03333282470703,124.107.182.196,8118,Https,Elite
True,20398,20395,Iraq,33,44,185.255.46.121,8000,Https,Transparent
True,17619,17155,Indonesia,-7.31455,112.757,103.142.21.197,8080,Https,Transparent
True,22394,22394,Russia,55.371238708496094,86.05243682861328,95.181.49.26,8080,Https,Transparent
True,15636,15500,Indonesia,-6.173799991607666,106.82669830322266,103.116.173.251,8080,Https,Transparent
True,21698,21736,India,23.022499084472656,72.57140350341797,43.224.10.33,6666,Https,Elite
True,18254,18232,Thailand,13.756329536437988,100.50177001953125,180.180.12.4,8080,Https,Transparent
True,20425,19952,Czechia,50.0512809753418,14.492819786071777,90.182.166.59,80,Https,Elite
True,17839,17742,Ecuador,-2.194999933242798,-79.9000015258789,45.224.150.187,999,Https,Transparent
True,20440,22990,United States,34.04563903808594,-118.24163818359375,68.183.180.222,3128,Https,NotValidated
True,22608,22608,India,22.719600677490234,75.85769653320312,103.84.71.5,82,Https,Transparent
True,20253,19597,India,23.022499084472656,72.57140350341797,150.129.54.111,6666,Https,Elite
True,12771,12816,India,16.757200241088867,81.68000030517578,43.228.95.122,84,Https,Transparent
True,22991,22991,Ukraine,48.04600143432617,37.96670150756836,91.193.253.188,23500,Https,Elite
True,7707,10377,Indonesia,-6.18104,106.826,36.74.51.42,8080,Https,Transparent
True,22330,22330,Indonesia,-6.185100078582764,106.83110046386719,36.92.5.194,8089,Https,Transparent
True,25239,25061,Germany,50.1188,8.6843,165.227.173.87,45731,Https,Elite
True,48176,48176,Argentina,-34.099998474121094,-59.033329010009766,190.112.136.149,8085,Https,Failed
True,20710,20696,Indonesia,-6.213500022888184,106.82230377197266,103.11.106.80,8181,Https,Transparent
True,8223,8273,Poland,50.0782585144043,19.898529052734375,176.115.16.250,8080,Https,Failed
True,14128,15578,Mexico,20.337129592895508,-102.27926635742188,201.168.210.115,3128,Https,Transparent
True,17608,17319,South Africa,-33.92490005493164,18.424100875854492,102.134.181.162,9999,Https,Transparent
True,12487,22920,Thailand,12.681400299072266,101.28163146972656,101.109.38.71,8080,Https,NotValidated
True,12711,12912,Germany,50.1188,8.6843,167.71.41.173,34518,Https,Elite
True,19352,19437,Hong Kong,22.3193,114.1693,35.220.171.251,3130,Https,NotValidated
True,176,531,Germany,50.1188,8.6843,167.99.245.133,3128,Https,NotValidated
True,16836,16836,Turkey,41.0082,28.9784,176.236.98.187,9090,Https,Transparent
True,52611,4849,Singapore,1.3200000524520874,103.8198013305664,8.210.121.58,8080,Https,NotValidated
True,782,1014,France,48.90850067138672,2.363800048828125,165.225.77.44,80,Https,Elite
True,17198,17168,India,18.6161,73.7286,103.213.213.22,83,Https,Transparent
True,27596,27603,India,12.9634,77.5855,159.89.175.163,3128,Https,Transparent
True,20191,20135,Indonesia,-6.889279842376709,109.67469787597656,182.253.108.227,8080,Https,Transparent
True,19951,19826,Mexico,25.6574,-100.342,200.76.189.214,999,Https,Transparent
True,16902,16861,Colombia,10.400710105895996,-75.48326110839844,181.129.201.172,999,Https,Transparent
True,1342,4858,Thailand,18.144580841064453,100.1402816772461,183.89.8.106,8080,Https,NotValidated
True,15774,15859,Germany,50.11090087890625,8.682100296020508,165.227.173.87,34135,Https,Elite
True,14300,20324,Indonesia,-7.486000061035156,112.41329956054688,36.84.84.233,8080,Https,NotValidated
True,689,689,United States,39.99557876586914,-82.99945831298828,3.142.220.206,3128,Https,NotValidated
True,229,1439,United Kingdom,51.49555969238281,-0.19916999340057373,165.227.229.14,8080,Https,NotValidated
True,17932,17932,Indonesia,-6.1741,106.8296,202.137.26.8,8080,Https,Transparent
True,27118,27889,Botswana,-24.664169311523438,25.907499313354492,41.223.143.78,3128,Https,Transparent
True,18567,18431,Argentina,-26.808300018310547,-65.21759796142578,131.161.237.86,8090,Https,Transparent
True,21707,22136,United States,37.539791107177734,-122.32969665527344,47.90.132.228,8888,Https,Transparent
True,24074,24074,India,23.022499084472656,72.57140350341797,103.21.163.76,6666,Https,Elite
True,23781,24327,Japan,35.6865,139.7458,103.125.216.166,3128,Https,Transparent
True,151415,61094,France,45.194278717041016,5.731629848480225,91.134.249.43,3128,Https,Transparent
True,1180,6559,Thailand,13.470000267028809,101.0999984741211,101.109.109.138,8080,Https,NotValidated
True,20119,20447,India,9.925200462341309,78.11979675292969,103.124.87.14,8080,Https,Transparent
True,28251,28251,Ecuador,-2.1664,-79.9011,45.4.201.99,999,Https,Transparent
True,19294,19309,India,22.9644,76.0473,103.84.71.10,83,Https,Transparent
True,17671,18107,Brazil,-14.151379585266113,-39.38153839111328,168.196.215.21,9999,Https,Transparent
True,5258,5353,Germany,50.1188,8.6843,188.166.162.1,3128,Https,Transparent
True,9994,9924,United States,39.892608642578125,-105.14920043945312,167.172.191.249,34694,Https,Elite
True,21111,21111,Thailand,17.515750885009766,101.72537231445312,202.29.6.226,80,Https,Transparent
True,4536,10182,Germany,50.11090087890625,8.682100296020508,165.227.173.87,42185,Https,NotValidated
True,4421,10236,Dominican Republic,18.5,-69.9832992553711,179.52.231.32,999,Https,NotValidated
True,67658,14314,Poland,50.81142044067383,16.2833309173584,91.203.19.233,9999,Https,NotValidated
True,41802,41439,Japan,35.69628143310547,139.73855590820312,139.180.194.41,80,Https,Elite
True,18650,11329,Indonesia,-6.173799991607666,106.82669830322266,182.253.232.106,44922,Https,NotValidated
True,28602,28602,Poland,49.9486198425293,18.488950729370117,91.225.11.51,8080,Https,Transparent
True,13997,13172,Indonesia,-6.915500164031982,107.64080047607422,36.90.1.246,8080,Https,Transparent
True,13188,13151,Germany,50.1188,8.6843,167.172.191.249,42967,Https,Elite
True,18692,18689,Russia,55.797,37.5594,5.16.0.97,1256,Https,Transparent
True,126733,140734,India,19.076000213623047,72.87770080566406,35.200.230.31,8080,Https,NotValidated
True,25963,25957,Germany,48.1088981628418,11.607399940490723,207.180.238.119,3128,Https,Transparent
True,21183,21183,Indonesia,-7.68303,110.815,103.70.79.3,8080,Https,Transparent
True,9395,9395,Brazil,-1.4537,-48.5078,206.84.62.6,3128,Https,NotValidated
True,23795,23795,Colombia,6.235899925231934,-75.57510375976562,181.129.104.226,999,Https,Transparent
True,26148,24504,Norway,59.6199,10.7409,84.247.130.114,8080,Https,Transparent
True,887,1210,Singapore,1.3200000524520874,103.8198013305664,139.59.241.81,8080,Https,NotValidated
True,21375,21375,Indonesia,-6.236499786376953,106.82230377197266,103.146.31.51,8080,Https,Transparent
True,7914,8261,Brazil,-17.857990264892578,-41.51142120361328,128.201.102.42,3128,Https,Transparent
True,71989,13838,Indonesia,3.57636,98.6824,43.229.254.134,8000,Https,NotValidated
True,69964,108475,Canada,43.70317077636719,-79.51219177246094,138.197.142.249,80,Https,Elite
True,21829,21654,United States,37.539791107177734,-122.32969665527344,47.254.90.125,8000,Https,Transparent
True,14415,14467,Indonesia,-6.20876,106.846,103.28.149.101,3128,Https,Failed
True,35618,19937,Canada,43.70317077636719,-79.51219177246094,138.197.146.114,8080,Https,NotValidated
True,26681,26681,India,22.57270050048828,88.3458023071289,103.137.218.166,84,Https,Transparent
True,1818,6815,Indonesia,-6.7054,108.5496,118.99.108.57,8080,Https,NotValidated
True,24899,24929,Indonesia,-6.195899963378906,106.77359771728516,175.106.12.2,8089,Https,Transparent
True,15075,23141,Brazil,-8.928600311279297,-35.57474899291992,170.78.151.130,3128,Https,Transparent
True,327,516,Netherlands,52.3702,4.89517,145.40.68.155,9480,Https,NotValidated
True,13863,15928,Brazil,-25.5026,-49.2908,187.95.113.220,3128,Https,NotValidated
True,17293,17637,Brazil,-25.434879302978516,-49.27511978149414,187.95.113.222,3128,Https,Transparent
True,9123,8247,Japan,35.58351135253906,139.74615478515625,45.32.44.16,3128,Https,NotValidated
True,22613,22613,Philippines,14.566670417785645,121.03333282470703,124.6.129.135,80,Https,Transparent
True,3026,3026,Thailand,14.993000030517578,103.10292053222656,110.77.236.177,8080,Https,NotValidated
True,33446,30460,Brazil,-25.434879302978516,-49.27511978149414,187.95.113.247,3128,Https,Transparent
True,1093,1854,Netherlands,52.309051513671875,4.940189838409424,45.153.33.166,3128,Https,Transparent
True,17288,19753,Bangladesh,23.810300827026367,90.4124984741211,182.48.87.170,8080,Https,Transparent
True,9948,11319,Ecuador,-2.833329916000366,-79,45.70.237.60,999,Https,Transparent
True,8635,13420,Colombia,4.599999904632568,-74.08332824707031,190.2.209.14,999,Https,NotValidated
True,18031,18125,India,18.486499786376953,73.79679870605469,103.35.135.30,83,Https,Transparent
True,14827,14698,United States,40.7057991027832,-74.01860046386719,167.71.41.173,41034,Https,Elite
True,2435,16816,Serbia,42.672401428222656,21.164499282836914,82.114.70.46,8080,Https,NotValidated
True,20902,20838,Colombia,4.599999904632568,-74.08332824707031,186.96.124.44,999,Https,Transparent
True,23576,23718,Russia,55.797,37.5594,94.28.35.7,8080,Https,Transparent
True,15909,16089,Indonesia,-6.177,106.6284,103.227.254.118,2017,Https,Anonymous
True,4617,11852,United States,39.892608642578125,-105.14920043945312,167.172.180.46,42580,Https,NotValidated
True,23736,23679,Thailand,13.756329536437988,100.50177001953125,14.207.84.182,8080,Https,Transparent
True,926,1334,Singapore,1.32123,103.695,188.166.177.42,8080,Https,NotValidated
True,28635,28279,Indonesia,-6.9932,110.4215,111.68.27.190,80,Https,Transparent
True,12208,13310,Indonesia,-6.3917999267578125,106.80599975585938,103.227.254.118,2411,Https,Anonymous
True,19004,19070,Bangladesh,23.7552,90.3731,139.5.132.245,8080,Https,Transparent
True,13965,13584,Indonesia,-2.9702,104.747,36.68.192.177,8080,Https,Anonymous
True,13432,13129,Russia,55.764408111572266,37.636600494384766,93.171.192.28,8080,Https,Transparent
True,5357,4671,United States,39.892608642578125,-105.14920043945312,167.172.180.46,34071,Https,NotValidated
True,19104,19110,India,17.0052,81.7778,103.46.233.23,83,Https,Transparent
True,16736,13235,Pakistan,32.6993,73.9562,103.139.140.154,8080,Https,Transparent
True,20168,20997,Czechia,50.0804,14.5045,185.100.196.56,8080,Https,Transparent
True,12473,16548,Bangladesh,23.7924,90.4028,49.0.41.81,38235,Https,Elite
True,352,349,Poland,51.0786018371582,17.053199768066406,51.83.254.250,3128,Https,Failed
True,5531,13572,Colombia,10.3396,-73.181,181.78.11.216,999,Https,NotValidated
True,14211,13926,India,27.0556,88.4938,103.52.211.114,80,Https,Transparent
True,16105,16051,United States,40.7057991027832,-74.01860046386719,167.71.41.173,45431,Https,Elite
True,22739,22026,Singapore,1.35208,103.82,45.80.181.14,3128,Https,Transparent
True,28686,28992,Indonesia,-6.178299903869629,106.63189697265625,103.55.38.171,3128,Https,Transparent
True,16428,18032,Indonesia,-6.18559,106.823,36.37.85.82,3128,Https,Transparent
True,5824,5208,Chile,-39.83399963378906,-73.22100067138672,190.217.149.178,8080,Https,Transparent
True,57179,57179,Singapore,1.32801,103.891,195.123.237.216,8080,Https,Elite
True,19905,20291,Hong Kong SAR China,22.248310089111328,114.15239715576172,35.220.171.251,3128,Https,Transparent
True,23153,23092,Indonesia,-5,120,103.160.56.4,8080,Https,Transparent
True,658,8091,Netherlands,52.309051513671875,4.940189838409424,188.166.125.206,37956,Https,NotValidated
True,34015,34015,Canada,45.502079010009766,-73.56201171875,51.79.101.5,3128,Https,Transparent
True,17928,17946,Russia,42.97275924682617,47.49359893798828,176.120.198.136,8080,Https,Transparent
True,1773,1773,Thailand,13.855560302734375,100.508056640625,183.88.102.10,8080,Https,NotValidated
True,16163,16163,Dominican Republic,19.5673,-70.8646,179.53.238.146,999,Https,NotValidated
True,33473,33553,Germany,49.405,11.1617,207.180.221.177,3128,Https,Anonymous
True,16350,15703,India,30.6946,76.8504,103.47.175.9,83,Https,Transparent
True,18185,27205,Brazil,-23.203,-46.9008,170.78.151.131,3128,Https,Transparent
True,14142,14087,Chile,-23.6464,-70.398,8.242.206.146,999,Https,Transparent
True,14133,13664,Israel,32.0668,34.7649,195.133.153.186,8080,Https,Transparent
True,7170,10435,Bangladesh,22.8116,89.5611,103.112.151.10,8080,Https,Transparent
True,14055,14140,Ecuador,-2.882,-78.9841,45.71.38.11,999,Https,Transparent
True,17046,16844,Libya,32.8872,13.1913,165.16.22.130,9999,Https,Transparent
True,16804,16573,Indonesia,-6.18104,106.826,36.67.27.153,8080,Https,Transparent
True,34140,21615,Brazil,-22.869359970092773,-42.35321044921875,138.219.197.112,8080,Https,NotValidated
True,20396,18844,Chile,-33.4368,-70.6322,186.103.171.253,999,Https,Transparent
True,1084,10691,Colombia,4.599999904632568,-74.08332824707031,181.78.18.25,999,Https,NotValidated
True,19382,19184,Indonesia,-5,120,103.114.53.2,8080,Https,Transparent
True,14342,14429,Indonesia,-7.587900161743164,110.28970336914062,180.254.90.87,8080,Https,Transparent
True,20558,20568,United States,40.7057991027832,-74.01860046386719,167.71.41.173,38422,Https,Elite
True,12727,14652,Turkey,40.91669845581055,29.200000762939453,176.236.160.147,8080,Https,Transparent
True,27016,27016,Colombia,6.2059,-75.5901,201.184.176.106,8080,Https,Transparent
True,8246,17753,Poland,50.81142044067383,16.2833309173584,91.203.18.1,9999,Https,NotValidated
True,14678,14923,Indonesia,-6.173799991607666,106.82669830322266,122.102.53.89,3128,Https,Elite
True,34222,34222,Thailand,13.470000267028809,101.0999984741211,183.89.167.80,8080,Https,NotValidated
True,13825,15226,Dominican Republic,19.450000762939453,-70.69999694824219,177.52.221.4,999,Https,Transparent
True,27824,27083,United States,41.5890007019043,-93.61509704589844,20.80.112.85,3128,Https,Transparent
True,21596,21600,Brazil,-11.674819946289062,-61.19099044799805,170.79.85.224,55443,Https,Elite
True,19596,19642,Bangladesh,24,90,103.87.237.114,8080,Https,Transparent
True,13889,13142,Thailand,13.109999656677246,99.94999694824219,110.78.152.28,8080,Https,NotValidated
True,21928,21565,Ukraine,44.95209884643555,34.10240173339844,195.110.7.195,3121,Https,Elite
True,20434,20518,Indonesia,-6.185100078582764,106.83110046386719,36.94.229.237,8080,Https,Transparent
True,19484,19484,Singapore,1.29517,103.79,149.28.142.158,3128,Https,NotValidated
True,4899,4072,Indonesia,-6.173799991607666,106.82669830322266,118.99.103.80,8080,Https,NotValidated
True,12849,12795,India,17.465900421142578,78.46009826660156,103.24.126.180,82,Https,Transparent
True,21541,21541,India,23.022499084472656,72.57140350341797,103.251.225.16,6666,Https,Elite
True,22966,22921,Colombia,4.69088,-74.0367,191.102.94.155,9991,Https,Transparent
True,20394,20235,Thailand,8.07257,98.9105,159.192.136.39,8080,Https,Elite
True,32203,32203,Argentina,-31.65,-68.5833,45.226.227.160,8080,Https,Transparent
True,15237,15021,Brazil,-19.519969940185547,-44.68119812011719,191.241.48.132,3128,Https,Transparent
True,20553,20553,Brazil,-15.780150413513184,-47.929168701171875,200.0.40.134,8080,Https,Transparent
True,37942,37942,India,14.48,78.8235,103.14.199.129,82,Https,Transparent
True,28329,28544,Singapore,1.3200000524520874,103.8198013305664,148.66.131.212,80,Https,Elite
True,1012,1012,United States,45.73722839355469,-119.81143188476562,34.211.115.69,3128,Https,NotValidated
True,24142,22505,United States,39.043701171875,-77.47419738769531,174.129.25.139,3128,Https,Transparent
True,16028,15424,Mexico,19.348430633544922,-99.19747924804688,201.166.172.182,999,Https,Transparent
True,22829,22702,Indonesia,-8.54539966583252,115.32489776611328,103.122.67.190,3127,Https,Transparent
True,24253,24291,Indonesia,-6.1741,106.8296,202.147.198.115,8080,Https,Transparent
True,22341,22356,India,24.012800216674805,75.35399627685547,103.84.68.193,82,Https,Transparent
True,21594,21626,Indonesia,-6.173799991607666,106.82669830322266,203.142.69.179,8080,Https,Transparent
True,11612,11612,Indonesia,-8.319999694824219,114.2300033569336,103.146.196.66,8080,Https,Transparent
True,23131,23180,Brazil,-25.434879302978516,-49.27511978149414,187.95.113.242,3128,Https,Transparent
True,24087,24087,Germany,49.405,11.1617,161.97.64.194,3128,Https,Transparent
True,16222,16650,Cambodia,11.562999725341797,104.91500091552734,136.228.131.67,8080,Https,Transparent
True,23850,25288,Singapore,1.3200000524520874,103.8198013305664,13.250.32.7,3128,Https,Transparent
True,11631,14380,Brazil,-28.9369,-49.4952,201.76.0.32,8080,Https,Transparent
True,74692,105760,Germany,48.1088981628418,11.607399940490723,62.171.182.223,80,Https,NotValidated
True,33289,32856,United States,40.7589111328125,-73.97901916503906,159.203.167.101,8080,Https,Transparent
True,17322,17324,Ukraine,46.4633,30.748,46.175.186.24,8081,Https,Elite
True,19352,19369,South Africa,-33.92490005493164,18.424100875854492,197.95.153.6,8080,Https,Transparent
True,6424,6154,Brazil,-23.5515193939209,-46.633140563964844,177.103.219.41,3128,Https,Failed
True,16217,19635,Brazil,-24.79136085510254,-50.010189056396484,45.238.68.26,8080,Https,Elite
True,21605,21570,Singapore,1.32123,103.695,178.128.125.16,43885,Https,Elite
True,36955,36972,United States,39.0438,-77.4874,34.229.251.122,80,Https,Elite
True,15795,15723,India,28.567699432373047,77.24330139160156,103.52.211.126,80,Https,Transparent
True,6560,8588,Germany,50.11090087890625,8.682100296020508,165.227.173.87,35922,Https,Elite
True,17124,17024,Iraq,35.45000076293945,44.39099884033203,212.126.113.34,8080,Https,Transparent
True,26619,26619,Chile,-34.98332977294922,-71.23333740234375,45.229.189.245,999,Https,Transparent
True,12915,12867,Germany,50.11090087890625,8.682100296020508,68.183.221.156,42691,Https,Elite
True,26641,26251,Germany,50.1188,8.6843,167.71.41.173,38599,Https,Elite
True,35252,20727,Australia,-33.86714172363281,151.2071075439453,149.28.161.234,8080,Https,NotValidated
True,22908,23256,Indonesia,-2.89554,103.849,103.160.57.21,8080,Https,Transparent
True,24977,24977,Iraq,33.340579986572266,44.40087890625,185.20.198.108,8080,Https,Transparent
True,28812,29002,United Kingdom,51.5177,-0.6215,139.59.185.55,8080,Https,Transparent
True,16789,17216,Indonesia,-6.204800128936768,106.81490325927734,36.37.85.83,3128,Https,Transparent
True,18475,18548,Turkey,40.91669845581055,29.200000762939453,176.236.98.166,9090,Https,Transparent
True,17235,17944,Indonesia,-6.9217,107.6071,103.151.226.30,8080,Https,Transparent
True,26128,26314,Mexico,18.0926,-96.1322,45.174.92.7,999,Https,Transparent
True,32982,32843,Argentina,-31.683330535888672,-68.58332824707031,45.226.227.198,8080,Https,Transparent
True,34255,34025,Uganda,0.31700000166893005,32.58300018310547,154.72.197.106,42113,Https,Elite
True,26498,26498,Argentina,-34.611778259277344,-58.41730880737305,190.210.8.90,8080,Https,Elite
True,6637,6783,Indonesia,-7.2652997970581055,112.74250030517578,110.137.134.147,8080,Https,Transparent
True,11160,11275,Germany,50.1188,8.6843,165.227.173.87,35767,Https,Elite
True,39585,39585,Thailand,14.59000015258789,101,125.26.4.221,8080,Https,Transparent
True,45711,45345,Russia,55.764408111572266,37.636600494384766,82.114.105.49,1256,Https,Failed
True,22260,22541,Vietnam,10.779999732971191,106.65499877929688,103.90.228.188,3128,Https,Elite
True,21540,21540,Indonesia,-1.33612,133.175,203.8.207.39,80,Https,Transparent
True,26060,26015,Indonesia,-6.185100078582764,106.83110046386719,36.89.165.89,54327,Https,Elite
True,11429,12123,Indonesia,-6.185100078582764,106.83110046386719,36.91.184.71,8080,Https,Elite
True,6127,5539,France,48.90850067138672,2.363800048828125,165.225.77.47,443,Https,Elite
True,12080,12077,Germany,50.1188,8.6843,167.172.191.249,46027,Https,Elite
True,14340,14600,Colombia,4.64816,-74.0594,190.145.202.29,999,Https,Transparent
True,26175,26175,Russia,66.6500015258789,66.4000015258789,185.180.236.80,8081,Https,Transparent
True,73043,73585,Zimbabwe,-17.826669692993164,31.053329467773438,41.191.232.21,80,Https,Elite
True,13147,12112,Mexico,19.4437,-102.1057,187.142.47.116,999,Https,Transparent
True,1423,8490,Colombia,10.3396,-73.181,181.78.11.219,999,Https,NotValidated
True,29458,29405,Peru,-12.050000190734863,-77.05000305175781,200.37.252.235,8889,Https,Transparent
True,26238,26186,India,12.922599792480469,77.61740112304688,103.14.198.178,84,Https,Transparent
True,21922,22329,Brazil,-1.4001799821853638,-48.42068862915039,167.250.66.10,8080,Https,Transparent
True,17753,17665,Germany,50.1188,8.6843,68.183.221.156,35367,Https,Elite
True,21770,21660,Germany,50.11090087890625,8.682100296020508,165.227.173.87,38608,Https,Elite
True,10507,10419,United States,39.892608642578125,-105.14920043945312,167.172.191.249,41465,Https,Elite
True,21029,19932,Brazil,-6.688389778137207,-36.657981872558594,187.33.231.90,8080,Https,Transparent
True,17763,17983,Brazil,-8.0106,-34.9466,45.173.103.22,80,Https,Transparent
True,13771,13771,France,48.88140106201172,2.3364999294281006,51.159.24.172,3162,Https,Elite
True,13376,13522,United States,40.73550033569336,-74.1728515625,51.81.82.175,2003,Https,Elite
True,35394,35037,Singapore,1.3200000524520874,103.8198013305664,207.148.65.134,8080,Https,Transparent
True,106424,107016,United Kingdom,51.5122184753418,0,3.9.74.118,80,Https,Elite
True,22235,22104,Indonesia,-6.178299903869629,106.63189697265625,103.83.179.78,2016,Https,Transparent
True,19176,19606,Indonesia,-6.104599952697754,106.91519927978516,43.247.39.130,63123,Https,Transparent
True,17898,14798,Poland,50.81142044067383,16.2833309173584,91.203.17.1,9999,Https,Failed
True,10569,8399,Germany,50.11090087890625,8.682100296020508,157.230.103.91,35301,Https,NotValidated
True,5384,5384,Germany,50.1188,8.6843,157.230.103.91,36252,Https,NotValidated
True,29877,29457,Indonesia,-6.33751,106.796,103.124.46.27,8080,Https,Transparent
True,766,1001,Kazakhstan,50.42250061035156,80.26555633544922,82.200.215.137,3128,Https,NotValidated
True,25752,25756,Indonesia,-5.152,119.437,180.178.93.219,80,Https,Transparent
True,205,3230,United Kingdom,51.5177,-0.6215,188.166.152.26,8080,Https,NotValidated
True,11704,11506,Germany,50.1188,8.6843,167.172.171.151,36331,Https,Elite
True,35066,18866,Colombia,4.599999904632568,-74.08332824707031,181.78.14.89,999,Https,NotValidated
True,526,526,Hungary,47.4599609375,19.14967918395996,188.156.240.240,8118,Https,NotValidated
True,21380,20325,Colombia,6.235899925231934,-75.57510375976562,181.143.17.37,8080,Https,Transparent
True,20070,19859,United States,40.0992,-83.1141,18.188.17.80,2333,Https,Transparent
True,18294,18313,Ukraine,46.4639,30.7386,178.212.196.177,9999,Https,Transparent
True,22052,22259,Brazil,-1.3461,-48.3829,167.250.66.2,8080,Https,Transparent
True,31799,31853,United States,37.534751892089844,-122.24713897705078,129.146.226.25,80,Https,Elite
True,12654,12624,Germany,50.1188,8.6843,68.183.221.156,34330,Https,Elite
True,10413,9714,United States,39.892608642578125,-105.14920043945312,167.172.191.249,33927,Https,Elite
True,10960,10874,Croatia,46.5151,16.4426,195.29.76.14,8080,Https,Failed
True,20110,20110,Indonesia,-6.199100017547607,106.83260345458984,158.140.169.101,10000,Https,Transparent
True,22784,22889,Germany,53.72473907470703,10.001620292663574,31.172.105.144,8080,Https,Elite
True,13906,13177,Brazil,-22.8576,-49.2536,200.24.66.66,8888,Https,Transparent
True,19875,19875,Albania,41.3253,19.8184,80.78.74.133,55443,Https,Elite
True,69616,69616,Brazil,-23.5114,-46.8729,51.222.150.4,3128,Https,NotValidated
True,16786,16805,Ukraine,47.7952,38.482,31.131.135.247,8080,Https,Transparent
True,13876,13337,United States,40.7057991027832,-74.01860046386719,167.71.41.173,43520,Https,Elite
True,22236,21818,Nepal,28,84,103.153.232.254,8080,Https,Transparent
True,16691,16561,Poland,49.7897,21.9547,193.192.177.192,80,Https,Transparent
True,19940,20044,Vietnam,21.0278,105.834,113.161.130.101,8080,Https,Transparent
True,65494,41127,Bangladesh,24,90,116.204.148.14,8080,Https,NotValidated
True,3186,3186,Germany,50.90549850463867,7.041399955749512,62.138.8.187,3128,Ht